{
  "val": {
    "loss": 0.42916160821914673,
    "accuracy": 0.9728979468345642,
    "dice": 0.6592002511024475,
    "iou": 0.5320426821708679
  }
}